{"position":{"x":0.04623861610889435,"y":0.23412083089351655,"z":-1.9994654655456544},"rotation":{"x":0.058228183537721637,"y":-0.011540808714926243,"z":0.0006731876637786627,"w":0.998236358165741}}
