{"position":{"x":1.171843409538269,"y":0.06268114596605301,"z":1.6207352876663209},"rotation":{"x":-0.004823455587029457,"y":0.9512947797775269,"z":-0.014903402887284756,"w":-0.3078845739364624}}
