{"position":{"x":-0.1872939169406891,"y":-0.27979984879493716,"z":1.9912109375},"rotation":{"x":-0.0032551391050219537,"y":0.9964893460273743,"z":0.06936662644147873,"w":0.04676184430718422}}
