{"position":{"x":-1.964350700378418,"y":1.1324862241744996,"z":-0.37593385577201846},"rotation":{"x":0.19635528326034547,"y":0.6161671876907349,"z":-0.1623406559228897,"w":0.7452704906463623}}
