{"position":{"x":-1.9381126165390015,"y":-0.5925673246383667,"z":-0.49367931485176089},"rotation":{"x":-0.11332260072231293,"y":0.6073079705238342,"z":0.08807547390460968,"w":0.7813947796821594}}
