{"position":{"x":-0.9140509963035584,"y":0.5400000214576721,"z":-0.4055992662906647},"rotation":{"x":0.20542939007282258,"y":0.528539776802063,"z":-0.1335892379283905,"w":0.8127720355987549}}