{"position":{"x":0.9997093677520752,"y":0.5400000214576721,"z":0.02410917915403843},"rotation":{"x":0.1711718738079071,"y":-0.693763017654419,"z":0.1753496378660202,"w":0.6772338151931763}}