{"position":{"x":0.13344275951385499,"y":0.5400000214576721,"z":-0.991056501865387},"rotation":{"x":0.24449704587459565,"y":-0.06483228504657746,"z":0.01638645865023136,"w":0.9673414826393127}}