{"position":{"x":0.8589054346084595,"y":0.5400000214576721,"z":0.5121341943740845},"rotation":{"x":-0.1210269182920456,"y":0.8430109024047852,"z":-0.213072270154953,"w":-0.4788375794887543}}