{"position":{"x":-0.9161738157272339,"y":0.5400000214576721,"z":-0.40078115463256838},"rotation":{"x":0.20507699251174928,"y":0.5306776165962219,"z":-0.1341295689344406,"w":0.8113778233528137}}