{"position":{"x":-1.7529635429382325,"y":0.6464551687240601,"z":-0.9628701210021973},"rotation":{"x":0.13398435711860658,"y":0.5029897689819336,"z":-0.07927101105451584,"w":0.850156307220459}}
