{"position":{"x":0.3344578742980957,"y":1.1342077255249024,"z":-1.9718362092971802},"rotation":{"x":0.2541896104812622,"y":-0.08113444596529007,"z":0.021404637023806573,"w":0.9635075330734253}}
