{"position":{"x":-1.9954967498779297,"y":1.2830991744995118,"z":0.13413682579994203},"rotation":{"x":0.1921606957912445,"y":0.7009274959564209,"z":-0.20551133155822755,"w":0.6553930640220642}}
