{"position":{"x":1.128207802772522,"y":0.39146488904953005,"z":1.6514075994491578},"rotation":{"x":-0.028485862538218499,"y":0.9509743452072144,"z":-0.09219356626272202,"w":-0.2938310205936432}}
