{"position":{"x":-1.6257213354110718,"y":1.212600827217102,"z":1.1649163961410523},"rotation":{"x":0.12298262864351273,"y":0.8566839098930359,"z":-0.23941972851753236,"w":0.44005241990089419}}
