{"position":{"x":-1.0,"y":0.5400000214576721,"z":-3.081797705917211e-9},"rotation":{"x":-0.17522943019866944,"y":-0.6759231686592102,"z":0.17683131992816926,"w":-0.6936521530151367}}