{"position":{"x":0.0,"y":0.5400000214576721,"z":1.0},"rotation":{"x":-0.015807218849658967,"y":0.9666928052902222,"z":-0.2554212808609009,"w":-0.0038871283177286388}}