{"position":{"x":0.0,"y":0.5400000214576721,"z":-1.0},"rotation":{"x":-0.25534576177597048,"y":-0.008571317419409752,"z":0.017042038962244989,"w":-0.9666616320610046}}