{"position":{"x":0.0,"y":-0.5400000214576721,"z":-1.0},"rotation":{"x":0.22426235675811768,"y":0.0,"z":0.0,"w":-0.9745287895202637}}