{"position":{"x":0.44326213002204897,"y":0.4631049931049347,"z":0.7674975395202637},"rotation":{"x":-0.06172647699713707,"y":0.9380504488945007,"z":-0.23030008375644685,"w":-0.2514221668243408}}