{"position":{"x":-0.9084866642951965,"y":-0.40503811836242678,"z":0.10293757915496826},"rotation":{"x":-0.13788720965385438,"y":0.729695737361908,"z":0.1543930470943451,"w":0.6516855359077454}}