{"position":{"x":-0.2960636615753174,"y":0.03957345336675644,"z":-0.954348087310791},"rotation":{"x":0.019567174836993219,"y":0.14981016516685487,"z":-0.0029654144309461118,"w":0.9885166883468628}}