{"position":{"x":0.3515343964099884,"y":0.5563275814056397,"z":-0.7529430389404297},"rotation":{"x":0.28381454944610598,"y":-0.20731084048748017,"z":0.062990203499794,"w":0.934079110622406}}