{"position":{"x":-0.4245777428150177,"y":-0.8410353660583496,"z":0.3352510631084442},"rotation":{"x":-0.20890216529369355,"y":0.7899274826049805,"z":0.431126207113266,"w":0.3827592730522156}}