{"position":{"x":-0.08938763290643692,"y":0.5400000214576721,"z":-0.9959969520568848},"rotation":{"x":0.24480020999908448,"y":0.04337460547685623,"z":-0.010962997563183308,"w":0.9685408473014832}}