{"position":{"x":-0.9248916506767273,"y":0.5400000214576721,"z":-0.38023072481155398},"rotation":{"x":0.20356711745262147,"y":0.5397007465362549,"z":-0.136410191655159,"w":0.8054041266441345}}