{"position":{"x":0.6819010376930237,"y":0.5400000214576721,"z":0.7314444184303284},"rotation":{"x":-0.08979432284832001,"y":0.9020742177963257,"z":-0.22800065577030183,"w":-0.355267196893692}}