{"position":{"x":-0.5471723675727844,"y":0.5400000214576721,"z":0.8370199203491211},"rotation":{"x":0.06995181739330292,"y":0.9291694760322571,"z":-0.2348490059375763,"w":0.2767612040042877}}