{"position":{"x":-0.436326801776886,"y":0.5400000214576721,"z":-0.8997882008552551},"rotation":{"x":0.23882752656936646,"y":0.21701876819133759,"z":-0.054851826280355456,"w":0.9449103474617004}}