{"position":{"x":0.6271849870681763,"y":0.5400000214576721,"z":-0.7788703441619873},"rotation":{"x":0.2311021238565445,"y":-0.32237508893013,"z":0.08148079365491867,"w":0.9143451452255249}}