{"position":{"x":0.03934703767299652,"y":0.5400000214576721,"z":-0.9992256164550781},"rotation":{"x":0.24499808251857758,"y":-0.019077397882938386,"z":0.004821841139346361,"w":0.9693238735198975}}