{"position":{"x":-0.9572192430496216,"y":0.5400000214576721,"z":0.2893637716770172},"rotation":{"x":0.14606811106204987,"y":0.7784410715103149,"z":-0.1967521458864212,"w":0.5779119729995728}}