{"position":{"x":0.18483644723892213,"y":0.5400000214576721,"z":-0.982769250869751},"rotation":{"x":0.24398767948150636,"y":-0.08998902887105942,"z":0.022744864225387574,"w":0.965326189994812}}